[{"inputs":[{"internalType":"uint256","name":"_id","type":"uint256"}],"name":"adoptPet","outputs":[],"stateMutability":"nonpayable","type":"function"},{"inputs":[],"name":"adopted","outputs":[{"internalType":"uint256","name":"","type":"uint256"}],"stateMutability":"view","type":"function"},{"inputs":[],"name":"availablePets","outputs":[{"internalType":"uint256","name":"","type":"uint256"}],"stateMutability":"view","type":"function"},{"inputs":[{"internalType":"uint256","name":"_id","type":"uint256"}],"name":"getPetsOwner","outputs":[{"internalType":"address","name":"","type":"address"}],"stateMutability":"view","type":"function"},{"inputs":[{"internalType":"uint256","name":"","type":"uint256"}],"name":"pets","outputs":[{"internalType":"uint256","name":"createdAt","type":"uint256"},{"internalType":"address","name":"createdBy","type":"address"},{"internalType":"uint256","name":"adoptedAt","type":"uint256"},{"internalType":"address","name":"currentOwner","type":"address"},{"internalType":"string","name":"name","type":"string"},{"internalType":"string","name":"species","type":"string"},{"internalType":"uint256","name":"age","type":"uint256"},{"internalType":"bool","name":"vaccinated","type":"bool"},{"internalType":"bool","name":"adopted","type":"bool"}],"stateMutability":"view","type":"function"},{"inputs":[{"internalType":"string","name":"_name","type":"string"},{"internalType":"string","name":"_species","type":"string"},{"internalType":"uint256","name":"_age","type":"uint256"},{"internalType":"bool","name":"_vaccinated","type":"bool"}],"name":"putForAdoption","outputs":[],"stateMutability":"nonpayable","type":"function"},{"inputs":[],"name":"submited","outputs":[{"internalType":"uint256","name":"","type":"uint256"}],"stateMutability":"view","type":"function"},{"inputs":[],"name":"totalAdopted","outputs":[{"internalType":"uint256","name":"","type":"uint256"}],"stateMutability":"view","type":"function"},{"inputs":[],"name":"totalPets","outputs":[{"internalType":"uint256","name":"","type":"uint256"}],"stateMutability":"view","type":"function"},{"inputs":[{"internalType":"address","name":"","type":"address"}],"name":"userStats","outputs":[{"internalType":"uint256","name":"hasAdopted","type":"uint256"},{"internalType":"uint256","name":"petsAdded","type":"uint256"}],"stateMutability":"view","type":"function"}]